{
  "btc_price": 79864.76,
  "btc_change_24h": -1.411,
  "btc_high_24h": 81708.32,
  "btc_low_24h": 79500.0,
  "btc_volume_24h": 1341667091.137497,
  "eth_price": 2287.56,
  "eth_change_24h": -1.517,
  "sol_price": 88.29,
  "sol_change_24h": 0.125,
  "fng_value": 38,
  "fng_class": "Fear",
  "fr_btc": 0.0032,
  "fr_eth": 0.0028,
  "oi_btc": 103200,
  "oi_usd": 8242043231.999999,
  "long_pct": 45.7,
  "short_pct": 54.3,
  "ls_ratio": 0.84,
  "yesterday_open": 81447.01,
  "yesterday_high": 81708.32,
  "yesterday_low": 79500.0,
  "yesterday_close": 80006.0,
  "rsi": 61.31752594697004,
  "ema7": 79720.6647388085,
  "ema20": 77917.02817487999,
  "ema50": 74987.3098209937,
  "macd_line": 1856.919928595802,
  "macd_signal": 1804.9332214598812,
  "macd_hist": 51.986707135920824,
  "bb_upper": 81691.40753033427,
  "bb_mid": 77977.2905,
  "bb_lower": 74263.17346966574,
  "closes_last30": [
    71787.97,
    72962.7,
    73043.16,
    70740.98,
    74417.99,
    74131.55,
    74809.99,
    75154.29,
    77072.0,
    75691.76,
    73801.79,
    75840.97,
    76336.15,
    78178.23,
    78257.48,
    77437.13,
    77625.0,
    78657.55,
    77371.32,
    76342.77,
    75780.0,
    76346.57,
    78231.13,
    78686.85,
    78568.57,
    79861.01,
    80905.52,
    81447.01,
    80006.0,
    79864.76
  ],
  "errors": [],
  "timestamp": "2026-05-08 09:04:53",
  "cpi_day": true
}